{
  "2460310.500000": {
    "asteroid_99942": [
      -0.7965137868317517,
      -0.5528777940492696,
      0.01060927395663732,
      0.01211392146945163,
      -0.01191918206531219,
      0.0009225471862523423
    ],
    "sun": [
      0.0,
      0.0,
      0.0,
      0.0,
      0.0,
      0.0
    ],
    "venus": [
      -0.7152424144751042,
      -0.07657679282155083,
      0.04021840885158845,
      0.002029193106238079,
      -0.02020122913271596,
      -0.0003945182498483849
    ],
    "earth": [
      -0.1658512460341716,
      0.9692307824650869,
      -5.491524466498898e-05,
      -0.01723488742014654,
      -0.002960664209404894,
      6.839470754425655e-07
    ],
    "mars": [
      -0.2933582835667315,
      -1.451123103951723,
      -0.02321561977006924,
      0.01424344749869245,
      -0.001572179048364707,
      -0.0003823265450813184
    ],
    "jupiter": [
      3.493170425349208,
      3.55504313185473,
      -0.09292065985813885,
      -0.005475845753616543,
      0.005649544471693121,
      9.900764055779315e-05
    ],
    "saturn": [
      8.996072178834984,
      -3.716158627193116,
      -0.2934040831625142,
      0.001817138750789805,
      0.00515052755910203,
      -0.0001616778559516628
    ]
  }
}